Id,class_0,class_1
00eed32682bb,0.5000000088504831,0.4999999911495169
010ebe33f668,0.5000000088504831,0.4999999911495169
02fa521e1838,0.5000000088504831,0.4999999911495169
040e15f562a2,0.5000000088504831,0.4999999911495169
046e85c7cc7f,0.4999999688063548,0.5000000311936452
